target,rows_used,cv_group_column,cv_group_splits,mae,r2
plant_height_cm,448,treatment,5,0.29369822954871416,0.9958777305407893
num_leaves,448,treatment,5,0.18742055196815244,0.9971346387918181
