target,rows_used,mae,rmse,r2
yield_kg_per_m2,4044,1.637712247151863,2.07816096408212,0.7062518095682344
